testcase,FAA,FAP,OAA,OASI
S01G4AllChannels,0.23211211351467548,0.6378283810574977,0.00683079751670379,1.8113283980250312
S02G4AllChannels,1.7178655157608205,3.426550085021594,-0.05680363293005075,3.9898416231057805
S10G4AllChannels,1.1632513508582942,0.840200280060182,1.5212419651933367,1.1721277903446239
S11G4AllChannels,-0.8451417734105697,5.03893635452195,-0.6722706993885817,0.8402186447319397
S12G4AllChannels,0.3680014591463685,4.119709759472734,0.21113214078451256,1.16242115361311
S20G4AllChannels,-1.3433189909626273,10.727158093169889,-2.1881727809072338,30.700817883467877
S21G4AllChannels,-2.0917375732618595,11.455792592579707,-0.3678983183016956,1.4550146578058756
S22G4AllChannels,0.17147560028426034,4.454140388851288,1.0222744134751902,9.242296625164963
AVERAGE (8 files),-0.07843653725882971,5.087539491841855,-0.06545826431972734,6.2967583470324
