testcase,FAA,FAP,OAA,OASI,TBR
S01G4AllChannels,-0.09550615409457586,0.33409276616838046,0.05919235646356458,0.6221609441987612,5.076660331578616
S02G4AllChannels,1.4361850204093187,2.7857007722903355,0.8813992856327086,4.091726516432992,1.8652132768684422
S10G4AllChannels,1.064391583473911,0.3987505487335824,0.7119301708962114,0.32496541018721953,2.230131421358148
S11G4AllChannels,-1.5723996719512332,1.239850230278785,1.246856173413422,0.8593603204423717,4.815105378151021
S12G4AllChannels,0.5426154399232072,0.6279348767181118,0.3493869198853503,0.3896255031536355,4.470864553834132
S20G4AllChannels,-0.6619984398034491,7.849128000570429,-2.144304177900156,17.891123002360093,12.973073524826294
S21G4AllChannels,-1.1926305930374494,4.597398223093723,-0.11746736068055605,1.353218229530615,19.13485934211059
S22G4AllChannels,-0.12945448110378976,2.1550866103813036,1.1169994331871098,4.958433662614477,9.284041499629387
AVERAGE (8 files),-0.07609966202300758,2.498492753529331,0.26299910011220684,3.8113266986150207,7.481243666044579
